[Header],,,,,,,,,,,,,,,,,,,,,,,,,
Pipeline,ctg-rnaseq,,,,,,,,,,,,,,,,,,,,,,,,
PipelineVersion,2.1.5,,,,,,,,,,,,,,,,,,,,,,,,
PipelineProfile,rnaseq_total,,,,,,,,,,,,,,,,,,,,,,,,
RunFolder,ctg-parse-samplesheet,,,,,,,,,,,,,,,,,,,,,,,,
ProjectId,2021_145,,,,,,,,,,,,,,,,,,,,,,,,
PoolName,CTGpool_0174,,,,,,,,,,,,,,,,,,,,,,,,
Instrument Type,NovaSeq1.5,,,,,,,,,,,,,,,,,,,,,,,,
FlowCell,"NovaSeq 6000 S1 Reagent Kit, 100 cycles v1.5 (20028319)",,,,,,,,,,,,,,,,,,,,,,,,
SharedFlowCell,true,,,,,,,,,,,,,,,,,,,,,,,,
LaneDivider,false,,,,,,,,,,,,,,,,,,,,,,,,
Species,Homo sapiens,,,,,,,,,,,,,,,,,,,,,,,,
Assay,SMARTer Stranded Total RNA-Seq Kit v2 Pico Input Mammalian,,,,,,,,,,,,,,,,,,,,,,,,
Index Adapters,SMARTer RNA Unique Dual Index Kit -96U Set A,,,,,,,,,,,,,,,,,,,,,,,,
Strandness,reverse,,,,,,,,,,,,,,,,,,,,,,,,
Paired,false,,,,,,,,,,,,,,,,,,,,,,,,
IEMFileVersion,5,,,,,,,,,,,,,,,,,,,,,,,,
Experiment Name,NovaSeq_XP,,,,,,,,,,,,,,,,,,,,,,,,
Date,,,,,,,,,,,,,,,,,,,,,,,,,
Workflow,GenerateFASTQ,,,,,,,,,,,,,,,,,,,,,,,,
Application,NovaSeq FASTQ Only,,,,,,,,,,,,,,,,,,,,,,,,
Chemistry,Amplicon,,,,,,,,,,,,,,,,,,,,,,,,
,,,,,,,,,,,,,,,,,,,,,,,,,
[Reads],,,,,,,,,,,,,,,,,,,,,,,,,
101,,,,,,,,,,,,,,,,,,,,,,,,,
,,,,,,,,,,,,,,,,,,,,,,,,,
[Settings],,,,,,,,,,,,,,,,,,,,,,,,,
Adapter,AGATCGGAAGAGCACACGTCTGAACTCCAGTCA,,,,,,,,,,,,,,,,,,,,,,,,
AdapterRead2,AGATCGGAAGAGCGTCGTGTAGGGAAAGAGTGT,,,,,,,,,,,,,,,,,,,,,,,,
Read1StartFromCycle,1,,,,,,,,,,,,,,,,,,,,,,,,
Read2StartFromCycle,4,,,,,,,,,,,,,,,,,,,,,,,,
,,,,,,,,,,,,,,,,,,,,,,,,,
[Data],,,,,,,,,,,,,,,,,,,,,,,,,
Sample_ID,Sample_Name,Sample_Project,Sample_Pool,Species,RIN,concentration,sample_order,pipeline_pofile,Assay,Index_Adapters,Strandness,Read1StartFromCycle,Read2StartFromCycle,Adapter,AdapterRead2,Paired,Read_1_cycles,Read_2_cycles,Index_Plate_Well,I7_Index_ID,index,I5_Index_ID,index2,fastq_1,bam
MAIV_24,MAIV_24,2021_165,CTGpool_0174,Homo sapiens,NA,,9,rnaseq_total,SMARTer Stranded Total RNA-Seq Kit v2 Pico Input Mammalian,SMARTer RNA Unique Dual Index Kit -96U Set A,reverse,1,4,AGATCGGAAGAGCACACGTCTGAACTCCAGTCA,AGATCGGAAGAGCGTCGTGTAGGGAAAGAGTGT,false,101,,F12,U094,CGTCTGCG,U094,ATTGTGAA,MAIV_24_S9_L001_R1__001.fastq.gz,MAIV_24_Aligned.sortedByCoord.out.bam
